CHROM,POS,GENE,CONSEQUENCE,IMPACT,HGVSc,HGVSp,SIFT,BIOTYPE,MOST_SEVERE,COLOCATED,DENOVO,RECESSIVE,RANK_SCORE,RANK
21,29043515,USP16,stop_gained,HIGH,.,.,.,protein_coding,stop_gained,.,PROBAND,.,90,1
21,16181600,MIR99AHG,splice_acceptor_variant,HIGH,.,.,.,lncRNA,splice_acceptor_variant,.,PROBAND,.,85,2
21,44447347,LRRC3-DT,splice_acceptor_variant,HIGH,.,.,.,lncRNA,splice_acceptor_variant,.,PROBAND,.,85,3
21,42127102,UMODL1,missense_variant,MODERATE,.,.,deleterious,protein_coding,missense_variant,COSV101252658,PROBAND,.,80,4
21,32582204,TCP10L,missense_variant,MODERATE,.,.,deleterious,protein_coding,missense_variant,.,PROBAND,.,80,5
21,42759016,PDE9A,missense_variant,MODERATE,.,.,deleterious,protein_coding,missense_variant,.,PROBAND,.,80,6
21,29067585,CCT8,missense_variant,MODERATE,.,.,deleterious,protein_coding,missense_variant,.,PROBAND,.,80,7
21,29326497,BACH1,missense_variant,MODERATE,.,.,deleterious,protein_coding,missense_variant,.,PROBAND,.,80,8
21,44579848,KRTAP10-5,missense_variant,MODERATE,.,.,deleterious,protein_coding,missense_variant,rs200089076,PROBAND,.,80,9
21,46256897,MCM3AP,missense_variant,MODERATE,.,.,deleterious,protein_coding,missense_variant,COSV52439339,PROBAND,.,80,10
21,17594298,BTG3,stop_gained,HIGH,.,.,.,protein_coding,stop_gained,COSV100336282,.,PROBAND,70,11
21,29537340,GRIK1,stop_gained,HIGH,.,.,.,protein_coding,stop_gained,.,.,PROBAND,70,12
21,45456648,COL18A1,stop_gained,HIGH,.,.,.,protein_coding,stop_gained,.,.,PROBAND,70,13
21,29582347,BACH1,stop_gained,HIGH,.,.,.,protein_coding,stop_gained,.,.,PROBAND,70,14
21,36364102,MORC3,stop_gained,HIGH,.,.,.,protein_coding,stop_gained,.,.,PROBAND,70,15
21,17598690,BTG3,stop_gained,HIGH,.,.,.,protein_coding,stop_gained,.,.,PROBAND,70,16
21,9551691,.,splice_acceptor_variant,HIGH,.,.,.,lncRNA,splice_acceptor_variant,.,.,PROBAND,65,17
21,17818589,C21orf91,splice_donor_variant,HIGH,.,.,.,protein_coding,splice_donor_variant,.,.,PROBAND,65,18
21,39425758,GET1,splice_acceptor_variant,HIGH,.,.,.,nonsense_mediated_decay,splice_acceptor_variant,.,.,PROBAND,65,19
21,44353797,TRPM2,missense_variant,MODERATE,.,.,deleterious_low_confidence,protein_coding,missense_variant,.,PROBAND,.,65,20
21,40075212,DSCAM,missense_variant,MODERATE,.,.,deleterious_low_confidence,protein_coding,missense_variant,.,PROBAND,.,65,21
21,18950462,.,splice_donor_variant,HIGH,.,.,.,lncRNA,splice_donor_variant,.,.,PROBAND,65,22
21,18383625,TMPRSS15,splice_donor_variant,HIGH,.,.,.,protein_coding,splice_donor_variant,.,.,PROBAND,65,23
21,23067918,.,splice_acceptor_variant,HIGH,.,.,.,lncRNA,splice_acceptor_variant,rs1467326879,.,PROBAND,65,24
21,28361570,.,splice_acceptor_variant,HIGH,.,.,.,lncRNA,splice_acceptor_variant,.,.,PROBAND,65,25
21,27616446,.,splice_donor_variant,HIGH,.,.,.,lncRNA,splice_donor_variant,.,.,PROBAND,65,26
21,44114770,PWP2,splice_donor_variant,HIGH,.,.,.,protein_coding,splice_donor_variant,.,.,PROBAND,65,27
21,22408677,.,splice_acceptor_variant,HIGH,.,.,.,lncRNA,splice_acceptor_variant,.,.,PROBAND,65,28
21,34525407,RCAN1,missense_variant,MODERATE,.,.,deleterious_low_confidence,protein_coding,missense_variant,.,PROBAND,.,65,29
21,36246610,DOP1B,missense_variant,MODERATE,.,.,deleterious_low_confidence,protein_coding,missense_variant,.,PROBAND,.,65,30
21,33755305,ITSN1,missense_variant,MODERATE,.,.,deleterious_low_confidence,protein_coding,missense_variant,.,PROBAND,.,65,31
21,34669572,CLIC6,missense_variant,MODERATE,.,.,deleterious_low_confidence,protein_coding,missense_variant,rs1371235374,PROBAND,.,65,32
21,46353985,PCNT,splice_acceptor_variant,HIGH,.,.,.,protein_coding,splice_acceptor_variant,rs1555954786,.,PROBAND,65,33
21,18403520,TMPRSS15,missense_variant,MODERATE,.,.,deleterious,protein_coding,missense_variant,.,.,PROBAND,60,34
21,46430228,PCNT,missense_variant,MODERATE,.,.,deleterious,protein_coding,missense_variant,.,.,PROBAND,60,35
21,21335584,NCAM2,missense_variant,MODERATE,.,.,deleterious,protein_coding,missense_variant,.,.,PROBAND,60,36
21,36938916,HLCS,missense_variant,MODERATE,.,.,deleterious,protein_coding,missense_variant,.,.,PROBAND,60,37
21,36336874,MORC3,missense_variant,MODERATE,.,.,deleterious,protein_coding,missense_variant,.,.,PROBAND,60,38
21,39206154,BRWD1,missense_variant,MODERATE,.,.,deleterious,protein_coding,missense_variant,.,.,PROBAND,60,39
21,39312897,BRWD1,missense_variant,MODERATE,.,.,deleterious,protein_coding,missense_variant,.,.,PROBAND,60,40
21,37225593,VPS26C,missense_variant,MODERATE,.,.,deleterious,protein_coding,missense_variant,.,.,PROBAND,60,41
21,36938924,HLCS,missense_variant,MODERATE,.,.,deleterious,protein_coding,missense_variant,.,.,PROBAND,60,42
21,39660722,B3GALT5,missense_variant,MODERATE,.,.,deleterious,protein_coding,missense_variant,.,.,PROBAND,60,43
21,42769063,PDE9A,missense_variant,MODERATE,.,.,deleterious,protein_coding,missense_variant,.,.,PROBAND,60,44
21,43959770,AGPAT3,missense_variant,MODERATE,.,.,deleterious,protein_coding,missense_variant,.,.,PROBAND,60,45
21,44140277,GATD3,missense_variant,MODERATE,.,.,deleterious,protein_coding,missense_variant,.,.,PROBAND,60,46
21,44249101,DNMT3L,missense_variant,MODERATE,.,.,deleterious,protein_coding,missense_variant,COSV99533371,.,PROBAND,60,47
21,44889292,ITGB2,missense_variant,MODERATE,.,.,deleterious,protein_coding,missense_variant,rs1278051736,.,PROBAND,60,48
21,45267697,POFUT2,missense_variant,MODERATE,.,.,deleterious,protein_coding,missense_variant,.,.,PROBAND,60,49
21,44527351,TSPEAR,missense_variant,MODERATE,.,.,deleterious,protein_coding,missense_variant,.,.,PROBAND,60,50
21,46119031,COL6A2,missense_variant,MODERATE,.,.,deleterious,protein_coding,missense_variant,CM1310897,.,PROBAND,60,51
21,45531712,SLC19A1,missense_variant,MODERATE,.,.,deleterious,protein_coding,missense_variant,.,.,PROBAND,60,52
21,46215700,LSS,missense_variant,MODERATE,.,.,deleterious,protein_coding,missense_variant,.,.,PROBAND,60,53
21,46213799,LSS,missense_variant,MODERATE,.,.,deleterious,protein_coding,missense_variant,.,.,PROBAND,60,54
21,46125555,COL6A2,missense_variant,MODERATE,.,.,deleterious,protein_coding,missense_variant,.,.,PROBAND,60,55
21,46191174,LSS,missense_variant,MODERATE,.,.,deleterious,protein_coding,missense_variant,rs1439286508,.,PROBAND,60,56
21,44330831,CFAP410,missense_variant,MODERATE,.,.,deleterious,protein_coding,missense_variant,.,.,PROBAND,60,57
21,44413936,TRPM2,missense_variant,MODERATE,.,.,deleterious,protein_coding,missense_variant,COSV108103530,.,PROBAND,60,58
21,41907723,C2CD2,missense_variant,MODERATE,.,.,tolerated,protein_coding,missense_variant,.,PROBAND,.,60,59
21,41275569,BACE2,missense_variant,MODERATE,.,.,tolerated,protein_coding,missense_variant,COSV57739787,PROBAND,.,60,60
21,42918795,ERVH48-1,missense_variant,MODERATE,.,.,deleterious,protein_coding,missense_variant,.,.,PROBAND,60,61
21,43059802,CBS,missense_variant,MODERATE,.,.,.,protein_coding,missense_variant,.,PROBAND,.,60,62
21,44143243,GATD3,missense_variant,MODERATE,.,.,deleterious,protein_coding,missense_variant,.,.,PROBAND,60,63
21,44260825,DNMT3L,missense_variant,MODERATE,.,.,deleterious,protein_coding,missense_variant,.,.,PROBAND,60,64
21,44120767,PWP2,missense_variant,MODERATE,.,.,deleterious,protein_coding,missense_variant,.,.,PROBAND,60,65
21,40013225,DSCAM,missense_variant,MODERATE,.,.,tolerated_low_confidence,protein_coding,missense_variant,.,PROBAND,.,60,66
21,34670245,CLIC6,missense_variant,MODERATE,.,.,tolerated,protein_coding,missense_variant,.,PROBAND,.,60,67
21,32744884,PAXBP1,missense_variant,MODERATE,.,.,deleterious,protein_coding,missense_variant,COSV51612696,.,PROBAND,60,68
21,28986806,LTN1,missense_variant,MODERATE,.,.,deleterious,protein_coding,missense_variant,.,.,PROBAND,60,69
21,30881209,KRTAP11-1,missense_variant,MODERATE,.,.,deleterious,protein_coding,missense_variant,.,.,PROBAND,60,70
21,29334258,BACH1,missense_variant,MODERATE,.,.,.,protein_coding,missense_variant,.,PROBAND,.,60,71
21,28960535,LTN1,missense_variant,MODERATE,.,.,deleterious,protein_coding,missense_variant,.,.,PROBAND,60,72
21,32325365,URB1,missense_variant,MODERATE,.,.,deleterious,protein_coding,missense_variant,.,.,PROBAND,60,73
21,26480355,CYYR1,missense_variant,MODERATE,.,.,deleterious,protein_coding,missense_variant,.,.,PROBAND,60,74
21,45282449,POFUT2,missense_variant,MODERATE,.,.,deleterious,protein_coding,stop_gained,.,.,PROBAND,60,75
21,46357150,PCNT,missense_variant,MODERATE,.,.,tolerated,protein_coding,missense_variant,.,PROBAND,.,60,76
21,46353125,PCNT,missense_variant,MODERATE,.,.,deleterious,protein_coding,missense_variant,COSV100855992,.,PROBAND,60,77
21,46168364,SPATC1L,missense_variant,MODERATE,.,.,deleterious,protein_coding,missense_variant,.,.,PROBAND,60,78
21,44401696,TRPM2,missense_variant,MODERATE,.,.,deleterious,protein_coding,missense_variant,rs768859269,.,PROBAND,60,79
21,44422296,TRPM2,missense_variant,MODERATE,.,.,tolerated_low_confidence,protein_coding,missense_variant,COSV55975493,PROBAND,.,60,80
21,31146957,TIAM1,missense_variant,MODERATE,.,.,deleterious_low_confidence,protein_coding,missense_variant,COSV54542150,.,PROBAND,45,81
21,46538491,DIP2A,missense_variant,MODERATE,.,.,deleterious_low_confidence,protein_coding,missense_variant,.,.,PROBAND,45,82
21,40347685,DSCAM,missense_variant,MODERATE,.,.,deleterious_low_confidence,protein_coding,missense_variant,.,.,PROBAND,45,83
21,29587532,GRIK1,missense_variant,MODERATE,.,.,deleterious_low_confidence,protein_coding,missense_variant,.,.,PROBAND,45,84
21,30590286,KRTAP22-2,missense_variant,MODERATE,.,.,deleterious_low_confidence,protein_coding,missense_variant,.,.,PROBAND,45,85
21,34370846,KCNE2,missense_variant,MODERATE,.,.,deleterious_low_confidence,protein_coding,missense_variant,.,.,PROBAND,45,86
21,32631455,SYNJ1,missense_variant,MODERATE,.,.,deleterious_low_confidence,protein_coding,missense_variant,.,.,PROBAND,45,87
21,36072806,CBR1,missense_variant,MODERATE,.,.,deleterious_low_confidence,protein_coding,missense_variant,.,.,PROBAND,45,88
21,36212037,DOP1B,missense_variant,MODERATE,.,.,deleterious_low_confidence,protein_coding,missense_variant,.,.,PROBAND,45,89
21,44558687,KRTAP10-3,missense_variant,MODERATE,.,.,deleterious_low_confidence,protein_coding,missense_variant,.,.,PROBAND,45,90
21,29561692,GRIK1,missense_variant,MODERATE,.,.,deleterious_low_confidence,protein_coding,missense_variant,.,.,PROBAND,45,91
21,26965902,ADAMTS5,missense_variant,MODERATE,.,.,deleterious_low_confidence,protein_coding,missense_variant,.,.,PROBAND,45,92
21,26965844,ADAMTS5,missense_variant,MODERATE,.,.,deleterious_low_confidence,protein_coding,missense_variant,COSV99538442,.,PROBAND,45,93
21,26965808,ADAMTS5,missense_variant,MODERATE,.,.,deleterious_low_confidence,protein_coding,missense_variant,COSV53185275,.,PROBAND,45,94
21,25975210,APP,missense_variant,MODERATE,.,.,deleterious_low_confidence,protein_coding,missense_variant,.,.,PROBAND,45,95
21,25955673,APP,missense_variant,MODERATE,.,.,deleterious_low_confidence,protein_coding,missense_variant,.,.,PROBAND,45,96
21,29561698,GRIK1,missense_variant,MODERATE,.,.,deleterious_low_confidence,protein_coding,missense_variant,COSV58716496,.,PROBAND,45,97
21,29561675,GRIK1,missense_variant,MODERATE,.,.,deleterious_low_confidence,protein_coding,missense_variant,.,.,PROBAND,45,98
21,36292228,DOP1B,missense_variant,MODERATE,.,.,deleterious_low_confidence,protein_coding,missense_variant,.,.,PROBAND,45,99
21,40080202,DSCAM,missense_variant,MODERATE,.,.,deleterious_low_confidence,protein_coding,missense_variant,.,.,PROBAND,45,100
21,36712588,SIM2,missense_variant,MODERATE,.,.,deleterious_low_confidence,protein_coding,missense_variant,COSV105009748,.,PROBAND,45,101
21,39196399,BRWD1,missense_variant,MODERATE,.,.,deleterious_low_confidence,protein_coding,missense_variant,.,.,PROBAND,45,102
21,17796889,C21orf91,missense_variant,MODERATE,.,.,tolerated,protein_coding,missense_variant,.,.,PROBAND,40,103
21,30613769,KRTAP6-1,missense_variant,MODERATE,.,.,tolerated_low_confidence,protein_coding,missense_variant,COSV107336771,.,PROBAND,40,104
21,32344644,URB1,missense_variant,MODERATE,.,.,tolerated,protein_coding,missense_variant,.,.,PROBAND,40,105
21,26965698,ADAMTS5,missense_variant,MODERATE,.,.,tolerated_low_confidence,protein_coding,missense_variant,.,.,PROBAND,40,106
21,39406192,LCA5L,missense_variant,MODERATE,.,.,tolerated,protein_coding,missense_variant,.,.,PROBAND,40,107
21,36394632,CHAF1B,missense_variant,MODERATE,.,.,tolerated,protein_coding,missense_variant,.,.,PROBAND,40,108
21,36369578,MORC3,missense_variant,MODERATE,.,.,tolerated,protein_coding,missense_variant,.,.,PROBAND,40,109
21,39197323,BRWD1,missense_variant,MODERATE,.,.,tolerated_low_confidence,protein_coding,missense_variant,.,.,PROBAND,40,110
21,33528548,GART,missense_variant,MODERATE,.,.,tolerated,protein_coding,missense_variant,.,.,PROBAND,40,111
21,34449397,KCNE1,missense_variant,MODERATE,.,.,tolerated,protein_coding,missense_variant,CM150045,.,PROBAND,40,112
21,33596203,CRYZL1,missense_variant,MODERATE,.,.,tolerated,protein_coding,missense_variant,.,.,PROBAND,40,113
21,32515074,EVA1C,missense_variant,MODERATE,.,.,tolerated,protein_coding,missense_variant,COSV100291319,.,PROBAND,40,114
21,29537774,GRIK1,missense_variant,MODERATE,.,.,tolerated_low_confidence,protein_coding,missense_variant,.,.,PROBAND,40,115
21,42442532,UBASH3A,missense_variant,MODERATE,.,.,tolerated,protein_coding,missense_variant,rs750506834,.,PROBAND,40,116
21,42282316,ABCG1,missense_variant,MODERATE,.,.,tolerated_low_confidence,protein_coding,missense_variant,.,.,PROBAND,40,117
21,41252647,BACE2,missense_variant,MODERATE,.,.,.,protein_coding,missense_variant,.,.,PROBAND,40,118
21,42859670,WDR4,missense_variant,MODERATE,.,.,tolerated,protein_coding,missense_variant,.,.,PROBAND,40,119
21,42288008,ABCG1,missense_variant,MODERATE,.,.,tolerated_low_confidence,protein_coding,missense_variant,COSV105216964,.,PROBAND,40,120
21,42904067,NDUFV3,missense_variant,MODERATE,.,.,tolerated,protein_coding,missense_variant,.,.,PROBAND,40,121
21,42903622,NDUFV3,missense_variant,MODERATE,.,.,tolerated,protein_coding,missense_variant,.,.,PROBAND,40,122
21,44140314,GATD3,missense_variant,MODERATE,.,.,tolerated,protein_coding,missense_variant,.,.,PROBAND,40,123
21,43687747,RRP1B,missense_variant,MODERATE,.,.,tolerated,protein_coding,missense_variant,.,.,PROBAND,40,124
21,43687745,RRP1B,missense_variant,MODERATE,.,.,tolerated,protein_coding,missense_variant,.,.,PROBAND,40,125
21,43418421,SIK1,missense_variant,MODERATE,.,.,tolerated,protein_coding,missense_variant,.,.,PROBAND,40,126
21,43737374,PDXK,missense_variant,MODERATE,.,.,tolerated_low_confidence,protein_coding,missense_variant,.,.,PROBAND,40,127
21,42442550,UBASH3A,missense_variant,MODERATE,.,.,tolerated,protein_coding,missense_variant,COSV99369454,.,PROBAND,40,128
21,45269841,POFUT2,missense_variant,MODERATE,.,.,tolerated,protein_coding,missense_variant,.,.,PROBAND,40,129
21,45530859,SLC19A1,missense_variant,MODERATE,.,.,.,protein_coding,missense_variant,.,.,PROBAND,40,130
21,46118482,COL6A2,missense_variant,MODERATE,.,.,.,protein_coding,missense_variant,.,.,PROBAND,40,131
21,45984289,COL6A1,missense_variant,MODERATE,.,.,tolerated,protein_coding,missense_variant,.,.,PROBAND,40,132
21,45269843,POFUT2,missense_variant,MODERATE,.,.,tolerated,protein_coding,missense_variant,.,.,PROBAND,40,133
21,46283669,MCM3AP,missense_variant,MODERATE,.,.,tolerated,protein_coding,missense_variant,.,.,PROBAND,40,134
21,46349031,PCNT,missense_variant,MODERATE,.,.,tolerated,protein_coding,missense_variant,COSV64026124,.,PROBAND,40,135
21,46353312,PCNT,missense_variant,MODERATE,.,.,tolerated,protein_coding,missense_variant,.,.,PROBAND,40,136
21,46354055,PCNT,missense_variant,MODERATE,.,.,tolerated,protein_coding,missense_variant,.,.,PROBAND,40,137
21,46355531,PCNT,missense_variant,MODERATE,.,.,tolerated,protein_coding,missense_variant,.,.,PROBAND,40,138
